//steps,micro_steps,belt,error
200,64,10,1.0165625
200,128,5.5,1.01420455
19810.111813,4,4.357143,1.00028396
5370.24793,32,1,1
1036.3636,16,3.21428571,1.0092554
