//steps,micro_steps,belt,error
200,64,10,1
200,128,5.5,0.996590909
19810.111813,4,4.357143,1.03110114
5370.24793,32,1,1
1036.3636,16,3.21428571,1.00790452
